"Search Engines",2769
"Search Engines > Google Search",1686
"Search Engines > Google Search > google.com",1561
"Search Engines > Google Search > google.de",16
"Search Engines > Google Search > google.co.in",9
"Search Engines > Google Search > google.co.kr",8
"Search Engines > Google Search > google.ca",7
"Search Engines > Google Search > google.com.tr",6
"Search Engines > Google Search > google.com/search",6
"Search Engines > Google Search > google.com.hk",6
"Search Engines > Google Search > google.co.uk",5
"Search Engines > Google Search > google.co.jp",5
"Search Engines > Google Search > google.be",4
"Search Engines > Google Search > google.com.br",4
"Search Engines > Google Search > google.co.za",3
"Search Engines > Google Search > google.pl",3
"Search Engines > Google Search > google.ro",3
"Search Engines > Google Search > google.fr",3
"Search Engines > Google Search > google.com.mx",3
"Search Engines > Google Search > google.se",3
"Search Engines > Google Search > google.ch",2
"Search Engines > Google Search > google.ru",2
"Search Engines > Google Search > google.lk",2
"Search Engines > Google Search > google.dk",2
"Search Engines > Google Search > google.it",2
"Search Engines > Google Search > google.co.th",2
"Search Engines > Google Search > google.hu",2
"Search Engines > Google Search > google.com.qa",2
"Search Engines > Google Search > google.com.tw",2
"Search Engines > Google Search > google.nl",2
"Search Engines > Google Search > google.com.au",2
"Search Engines > Google Search > google.at",1
"Search Engines > Google Search > google.co.il",1
"Search Engines > Google Search > google.pt",1
"Search Engines > Google Search > google.com.uy",1
"Search Engines > Google Search > google.com.ua",1
"Search Engines > Google Search > google.cl",1
"Search Engines > Google Search > google.com.sg",1
"Search Engines > Google Search > google.rs",1
"Search Engines > Google Search > google.gr",1
"Search Engines > Bing",488
"Search Engines > Bing > bing.com",377
"Search Engines > Bing > bing.com",89
"Search Engines > Bing > cn.bing.com",17
"Search Engines > Bing > cn.bing.com",4
"Search Engines > Bing > bing.com",1
"Search Engines > duckduckgo.com",429
"Search Engines > duckduckgo.com > duckduckgo.com",428
"Search Engines > duckduckgo.com > duckduckgo.com/l/?uddg=https%3A%2F%2Fpythonmarketer.com%2F2019%2F12%2F26%2Fcomparing-text-editors-on-ubuntu-atom-emacs-sublime-vim-vs-code%2F",1
"Search Engines > Baidu",88
"Search Engines > Yahoo Search",78
"Search Engines > Yahoo Search > search.yahoo.com",36
"Search Engines > Yahoo Search > in.search.yahoo.com",10
"Search Engines > Yahoo Search > it.search.yahoo.com",3
"Search Engines > Yahoo Search > ca.search.yahoo.com",3
"Search Engines > Yahoo Search > r.search.yahoo.com/_ylt=AwrE19Bp.bNfuPMA6LxXNyoA;_ylu=Y29sbwNiZjEEcG9zAzEEdnRpZAMEc2VjA3Ny/RV=2/RE=1605659113/RO=10/RU=https%3a%2f%2fpythonmarketer.com%2f2018%2f01%2f20%2fhow-to-python-pip-install-new-libraries%2f/RK=2/RS=A7TKooSRfSvnTMHfnHH.7C5H14g-",3
"Search Engines > Yahoo Search > uk.search.yahoo.com",2
"Search Engines > Yahoo Search > mx.search.yahoo.com",2
"Search Engines > Yahoo Search > fr.search.yahoo.com",2
"Search Engines > Yahoo Search > tr.search.yahoo.com",1
"Search Engines > Yahoo Search > r.search.yahoo.com/_ylt=AwrJ61x3cJxe75wA84FXNyoA;_ylu=X3oDMTByNXQ0NThjBGNvbG8DYmYxBHBvcwM1BHZ0aWQDBHNlYwNzcg--/RV=2/RE=1587339512/RO=10/RU=https%3a%2f%2fpythonmarketer.wordpress.com%2f2018%2f01%2f20%2fhow-to-python-pip-install-new-libraries%2f/RK=2/RS=cy6eNeFopAhHTjiZ2F298rnhS08-",1
"Search Engines > Yahoo Search > de.search.yahoo.com",1
"Search Engines > Yahoo Search > r.search.yahoo.com",1
"Search Engines > Yahoo Search > r.search.yahoo.com/_ylt=AwrgEa5tT8deFaUAEZkL5gt.;_ylu=X3oDMTByYnR1Zmd1BGNvbG8DZ3ExBHBvcwMyBHZ0aWQDBHNlYwNzcg--/RV=2/RE=1590149101/RO=10/RU=https%3a%2f%2fpythonmarketer.wordpress.com%2f2020%2f05%2f18%2fhow-to-make-json-requests-with-python%2f/RK=2/RS=8hdQ5gdJpKA1YGeGBu281ygcT8U-",1
"Search Engines > Yahoo Search > r.search.yahoo.com/_ylt=AwrEeCKkxfxepykALQwPxQt.;_ylu=X3oDMTByOHZyb21tBGNvbG8DYmYxBHBvcwMxBHZ0aWQDBHNlYwNzcg--/RV=2/RE=1593652773/RO=10/RU=https%3a%2f%2fpythonmarketer.wordpress.com%2f2018%2f01%2f20%2fhow-to-python-pip-install-new-libraries%2f/RK=2/RS=urRDPLQb6G9l0YQduxrhisly7vE-",1
"Search Engines > Yahoo Search > r.search.yahoo.com/_ylt=Awrxgq9k2t1fpiEAsTL3RQx.;_ylu=Y29sbwMEcG9zAzMEdnRpZAMEc2VjA3Ny/RV=2/RE=1608403685/RO=10/RU=https%3a%2f%2fpythonmarketer.com%2f2018%2f08%2f25%2fgooey-gui-for-python-scripts%2f/RK=2/RS=a_FyeHPjgbgDgyiB7AizwOiGALw-",1
"Search Engines > Yahoo Search > r.search.yahoo.com/_ylt=Awr9Du2iEqFf2lsAKKZXNyoA;_ylu=Y29sbwNncTEEcG9zAzIEdnRpZAMEc2VjA3Ny/RV=2/RE=1604420386/RO=10/RU=https%3a%2f%2fpythonmarketer.com%2f2018%2f01%2f20%2fhow-to-python-pip-install-new-libraries%2f/RK=2/RS=QeyhPqKLv0Fxwo6KsX_yr3uC.Z4-",1
"Search Engines > Yahoo Search > r.search.yahoo.com/_ylt=Awrxgq9RYmxf3T8AGQbnHgx.;_ylu=Y29sbwMEcG9zAzIEdnRpZAMEc2VjA3Ny/RV=2/RE=1600967378/RO=10/RU=https%3a%2f%2fpythonmarketer.com%2f2020%2f09%2f20%2fgetting-the-lay-of-the-land-in-sqlite-and-connecting-to-a-db-with-pythons-sqlite3-library%2f/RK=2/RS=_24TohK6SOWacWoD6RuqcEVT4oY-",1
"Search Engines > Yahoo Search > pl.search.yahoo.com",1
"Search Engines > Yahoo Search > r.search.yahoo.com/_ylt=AwrDQrbAz95fnssAZxm_.wt.;_ylu=Y29sbwNiZjEEcG9zAzIEdnRpZAMEc2VjA3Ny/RV=2/RE=1608466496/RO=10/RU=https%3a%2f%2fpythonmarketer.com%2f2018%2f01%2f20%2fhow-to-python-pip-install-new-libraries%2f/RK=2/RS=glkqwjgrPt7Y6ZRTFQEmADUDHDk-",1
"Search Engines > Yahoo Search > sg.search.yahoo.com",1
"Search Engines > Yahoo Search > id.search.yahoo.com",1
"Search Engines > Yahoo Search > r.search.yahoo.com/_ylt=AwrXiymFZWpfsCUAKgwPxQt.;_ylu=Y29sbwNncTEEcG9zAzEEdnRpZANDMDc4Ml8xBHNlYwNzcg--/RV=2/RE=1600837125/RO=10/RU=https%3a%2f%2fpythonmarketer.com%2f2020%2f09%2f20%2fgetting-the-lay-of-the-land-in-sqlite-and-connecting-to-a-db-with-pythons-sqlite3-library%2f/RK=2/RS=fypI.YTDuxTmjCQrdWuW5NtkkMg-",1
"Search Engines > Yahoo Search > r.search.yahoo.com/_ylt=Awr9Il5fAL5fR1cA0gNXNyoA;_ylu=Y29sbwNncTEEcG9zAzQEdnRpZAMEc2VjA3Ny/RV=2/RE=1606316255/RO=10/RU=https%3a%2f%2fpythonmarketer.com%2f2020%2f10%2f07%2fmaking-a-youtube-video-downloader-with-pythons-flask-and-pytube3-libraries%2f/RK=2/RS=lAZH.oEkq.H3ng_pORgHGM5i9b0-",1
"Search Engines > Yahoo Search > hk.search.yahoo.com",1
"Search Engines > Yahoo Search > r.search.yahoo.com/_ylt=AwrC3O.GxlpeVXEAPg8PxQt.;_ylu=X3oDMTByNXQ0NThjBGNvbG8DYmYxBHBvcwM1BHZ0aWQDBHNlYwNzcg--/RV=2/RE=1583036167/RO=10/RU=https%3a%2f%2fpythonmarketer.wordpress.com%2f2018%2f01%2f20%2fhow-to-python-pip-install-new-libraries%2f/RK=2/RS=EHDLAso3O8YYCpELndpCwEHBNy4-",1
"Instagram",325
"ecosia.org",64
"WordPress.com Reader",34
"Twitter",32
"iframe-toloka.com",17
"Facebook",17
"qwant.com",15
"WordPress Android App",8
"WordPress Android App > com.google.android.googlequicksearchbox",5
"WordPress Android App > com.google.android.gm",2
"WordPress Android App > org.telegram.messenger",1
"weedfiend.pythonanywhere.com",4
"pythonmarketer-wordpress-com.cdn.ampproject.org",3
"pythonmarketer-wordpress-com.cdn.ampproject.org > pythonmarketer-wordpress-com.cdn.ampproject.org/v/s/pythonmarketer.wordpress.com/2018/08/25/gooey-gui-for-python-scripts/amp/?amp_js_v=0.1&usqp=mq331AQFKAGwASA%3D",2
"pythonmarketer-wordpress-com.cdn.ampproject.org > pythonmarketer-wordpress-com.cdn.ampproject.org/c/s/pythonmarketer.wordpress.com/2018/08/25/gooey-gui-for-python-scripts/amp/",1
"github.com",3
"github.com > github.com/erickbytes",2
"github.com > github.com",1
"tab.gladly.io/search?q=how+to+install+libraries+in+command+prompt",2
"todayposts.com",1
"googleweblight.com",1
"startpage.com",1
"developer.twitter.com",1
"captcha.gecirtnotification.com",1
"youtube.com",1
"snapchat.com",1
"prod.uhrs.playmsn.com",1